,epsilon,a3,Barrier,Sh.Cor,Eldm,dU(N),dU(P),dP(N),dP(P),BC,BS
10216,0.011,0.111,16.4364,3.2286,13.208,1.733,1.839,0.012,-0.355,0.993,1.032
10251,0.456,0.0,9.8814,-3.8274,13.709,-2.814,-2.493,0.834,0.645,0.964,1.08
10262,0.567,0.022,15.6479,1.0346,14.613,1.804,-0.179,-0.462,-0.128,0.942,1.117
10296,0.9,0.111,-12.6788,3.0797,-15.758,3.766,1.057,-1.714,-0.029,0.81,1.277
10298,0.9,0.155,-7.8536,5.1147,-12.968,2.374,4.226,-0.948,-0.537,0.813,1.277
10245,0.344,0.089,13.5921,-0.1622,13.754,-0.583,-0.029,0.328,0.123,0.977,1.059
10256,0.456,0.111,19.0631,3.4834,15.58,1.634,2.027,0.136,-0.313,0.962,1.087
10238,0.233,0.155,18.5462,3.0818,15.464,2.405,2.248,-0.986,-0.586,0.984,1.051
10277,0.678,0.133,16.1175,-0.6208,16.738,-1.697,0.693,0.247,0.136,0.909,1.173
10234,0.233,0.067,18.0034,5.8792,12.124,3.891,4.078,-1.046,-1.045,0.987,1.04
10218,0.011,0.155,18.6048,3.0468,15.558,2.214,0.981,-0.396,0.248,0.991,1.039
10269,0.567,0.178,21.6732,2.6555,19.018,0.713,2.363,0.011,-0.432,0.937,1.131
10202,-0.1,0.022,16.0938,4.318,11.776,2.54,2.672,-0.302,-0.591,0.994,1.028
10231,0.233,0.0,17.9558,6.6046,11.351,3.613,4.426,-0.514,-0.92,0.988,1.038
10207,-0.1,0.133,20.2294,4.5554,15.674,2.891,3.692,-0.531,-1.496,0.991,1.04
10217,0.011,0.133,17.4193,3.1268,14.292,1.973,1.38,-0.205,-0.021,0.992,1.036
10266,0.567,0.111,17.7886,1.4497,16.339,0.548,1.22,-0.28,-0.038,0.94,1.122
10201,-0.1,0.0,15.9663,4.3037,11.663,2.576,2.62,-0.334,-0.559,0.994,1.028
10227,0.122,0.133,16.8634,2.9013,13.962,1.893,1.353,-0.322,-0.023,0.99,1.038
10265,0.567,0.089,16.7519,1.053,15.699,0.896,0.751,-0.463,-0.13,0.941,1.12
10214,0.011,0.067,15.1428,3.5364,11.606,1.656,2.068,0.153,-0.341,0.995,1.028
10274,0.678,0.067,15.3873,0.5743,14.813,-0.029,0.451,0.082,0.07,0.91,1.168
10212,0.011,0.022,14.6275,3.8314,10.796,1.811,2.276,0.118,-0.373,0.995,1.025
10255,0.456,0.089,16.5882,1.6752,14.913,0.557,0.301,0.368,0.45,0.962,1.084
10250,0.344,0.2,21.6706,2.9763,18.694,1.327,2.135,-0.054,-0.432,0.972,1.076
10294,0.9,0.067,-18.4615,-0.7343,-17.727,-0.394,-0.747,0.201,0.206,0.808,1.276
10222,0.122,0.022,18.6277,7.864,10.764,5.744,5.265,-1.765,-1.38,0.993,1.028
10242,0.344,0.022,8.78,-3.7774,12.557,-1.98,-2.721,0.138,0.785,0.978,1.055
10290,0.789,0.2,18.0944,0.8218,17.273,-0.246,0.644,0.381,0.042,0.866,1.242
10210,-0.1,0.2,24.761,4.2537,20.507,3.242,2.459,-0.701,-0.746,0.987,1.054
10282,0.789,0.022,13.5868,2.0469,11.54,3.109,-1.057,-0.545,0.54,0.866,1.233
10248,0.344,0.155,19.9427,3.6317,16.311,2.484,2.571,-0.855,-0.568,0.974,1.068
10270,0.567,0.2,22.769,2.6304,20.139,1.297,1.745,-0.199,-0.213,0.936,1.135
10233,0.233,0.044,17.9678,6.2721,11.696,3.817,4.149,-0.828,-0.866,0.988,1.039
10225,0.122,0.089,17.3387,5.1892,12.15,3.611,3.036,-0.918,-0.54,0.992,1.033
10273,0.678,0.044,16.8132,2.3667,14.446,1.475,1.249,-0.157,-0.2,0.91,1.167
10291,0.9,0.0,-21.4152,-2.5402,-18.875,-4.069,1.644,0.71,-0.825,0.807,1.276
10229,0.122,0.178,17.7095,1.2786,16.431,0.882,0.408,-0.101,0.089,0.988,1.046
10286,0.789,0.111,13.6212,0.4699,13.151,-1.396,2.706,0.081,-0.92,0.865,1.236
10253,0.456,0.044,11.8516,-2.1611,14.013,-1.519,-1.874,0.53,0.702,0.963,1.081
10297,0.9,0.133,-8.389,6.0676,-14.457,3.802,4.522,-1.416,-0.84,0.811,1.277
10221,0.122,0.0,18.7541,8.0834,10.671,5.886,5.442,-1.805,-1.44,0.993,1.028
10288,0.789,0.155,16.2286,1.1215,15.107,-1.192,2.68,0.12,-0.487,0.866,1.239
10230,0.122,0.2,18.7426,0.849,17.894,0.724,0.02,-0.143,0.248,0.987,1.051
10236,0.233,0.111,18.164,4.6845,13.479,3.142,3.095,-0.842,-0.711,0.986,1.045
10260,0.456,0.2,24.0693,4.5176,19.552,2.685,3.257,-0.548,-0.876,0.957,1.1
10224,0.122,0.067,17.8149,6.3091,11.506,4.536,3.952,-1.297,-0.881,0.993,1.03
10220,0.011,0.2,21.4488,2.8477,18.601,2.522,0.362,-0.615,0.579,0.989,1.049
10249,0.344,0.178,21.0971,3.6575,17.44,2.078,2.915,-0.434,-0.901,0.973,1.072
10240,0.233,0.2,19.3726,1.3452,18.027,0.922,0.957,-0.473,-0.06,0.981,1.06
10208,-0.1,0.155,21.6249,4.5346,17.09,3.033,3.274,-0.585,-1.186,0.99,1.044
10263,0.567,0.044,15.738,0.9058,14.832,1.319,0.598,-0.381,-0.63,0.942,1.117
10203,-0.1,0.044,16.4733,4.3583,12.115,2.46,2.833,-0.232,-0.703,0.994,1.029
10284,0.789,0.067,12.0302,-0.1317,12.162,-0.188,-0.137,0.04,0.154,0.866,1.234
10232,0.233,0.022,17.9562,6.5188,11.437,3.655,4.328,-0.584,-0.88,0.988,1.038
10293,0.9,0.044,-20.3241,-1.9627,-18.361,-1.517,-1.046,0.061,0.539,0.808,1.276
10243,0.344,0.044,9.8407,-2.9583,12.799,-1.797,-2.053,0.278,0.614,0.978,1.056
10228,0.122,0.155,17.0853,1.9672,15.118,1.275,0.767,-0.16,0.085,0.989,1.042
10285,0.789,0.089,12.8565,0.1593,12.697,-0.752,1.131,-0.155,-0.065,0.866,1.235
10261,0.567,0.0,15.7239,1.1838,14.54,2.485,-0.465,-0.863,0.027,0.942,1.116
9486,0.8300000000000001,0.186,17.9282,,,,,,,,
9066,0.79,0.154,16.1368,,,,,,,,
8500,0.74,0.032,16.1489,,,,,,,,
8567,0.74,0.166,16.142,,,,,,,,
9772,0.86,0.152,13.5157,,,,,,,,
9201,0.81,0.02,10.8195,,,,,,,,
8184,0.7100000000000001,0.006,18.9467,,,,,,,,
4648,0.36,0.004,7.9677,,,,,,,,
9952,0.88,0.108,2.0753,,,,,,,,
9241,0.81,0.1,13.1719,,,,,,,,
10172,0.9,0.14400000000000002,-8.2329,,,,,,,,
10126,0.9,0.052000000000000005,-19.8867,,,,,,,,
9496,0.8400000000000001,0.004,3.8273,,,,,,,,
9835,0.87,0.076,3.3449,,,,,,,,
10033,0.89,0.068,-13.5595,,,,,,,,
9906,0.88,0.016,-6.3562,,,,,,,,
6007,0.49,0.096,18.0472,,,,,,,,
8917,0.78,0.058,12.3006,,,,,,,,
9320,0.8200000000000001,0.056,8.9439,,,,,,,,
4446,0.33999999999999997,0.004,8.5817,,,,,,,,
9899,0.88,0.002,-6.5279,,,,,,,,
10092,0.89,0.186,-2.914,,,,,,,,
5561,0.45000000000000007,0.012,9.8015,,,,,,,,
9670,0.8500000000000001,0.15,16.0449,,,,,,,,
112,-0.09000000000000001,0.022,16.3607,,,,,,,,
9864,0.87,0.134,9.3913,,,,,,,,
4282,0.31999999999999995,0.08,13.1928,,,,,,,,
3336,0.23,0.006,18.2417,,,,,,,,
2325,0.13,0.004,19.0648,,,,,,,,
2726,0.16,0.2,18.6857,,,,,,,,
4900,0.38,0.10400000000000001,15.8428,,,,,,,,
1724,0.07,0.014,16.0516,,,,,,,,
9514,0.8400000000000001,0.04,5.1417,,,,,,,,
107,-0.09000000000000001,0.012,16.28,,,,,,,,
3338,0.23,0.01,18.2403,,,,,,,,
10197,0.9,0.194,-7.3688,,,,,,,,
7845,0.67,0.136,16.3631,,,,,,,,
601,-0.05,0.192,23.2001,,,,,,,,
7555,0.64,0.162,18.4619,,,,,,,,
5150,0.4,0.2,23.009,,,,,,,,
9975,0.88,0.154,5.2642,,,,,,,,
9711,0.86,0.03,-0.9314,,,,,,,,
289,-0.08,0.17400000000000002,22.7152,,,,,,,,
7436,0.63,0.126,16.4889,,,,,,,,
9815,0.87,0.036000000000000004,-1.762,,,,,,,,
3482,0.24000000000000002,0.096,17.8786,,,,,,,,
10097,0.89,0.196,-2.7112,,,,,,,,
9442,0.8300000000000001,0.098,12.3892,,,,,,,,
1812,0.07,0.19,19.074,,,,,,,,
9583,0.8400000000000001,0.178,17.331,,,,,,,,
2620,0.15,0.19,18.2453,,,,,,,,
9302,0.8200000000000001,0.02,7.6261,,,,,,,,
4373,0.32999999999999996,0.06,11.294,,,,,,,,
1519,0.04999999999999999,0.008,15.1772,,,,,,,,
9985,0.88,0.17400000000000002,5.2188,,,,,,,,
9846,0.87,0.098,6.6608,,,,,,,,
9626,0.8500000000000001,0.062,5.9065,,,,,,,,
2745,0.17,0.036000000000000004,19.7662,,,,,,,,
9974,0.88,0.152,5.3257,,,,,,,,
1459,0.04000000000000001,0.09,15.6069,,,,,,,,
2737,0.17,0.02,20.0014,,,,,,,,
2435,0.13999999999999999,0.022,19.2818,,,,,,,,
5633,0.45000000000000007,0.156,22.5383,,,,,,,,
5659,0.4600000000000001,0.006,10.1133,,,,,,,,
5638,0.45000000000000007,0.166,23.0508,,,,,,,,
9561,0.8400000000000001,0.134,16.5998,,,,,,,,
9956,0.88,0.116,2.7957,,,,,,,,
6174,0.51,0.026000000000000002,13.3539,,,,,,,,
10150,0.9,0.1,-15.0596,,,,,,,,
9343,0.8200000000000001,0.10200000000000001,13.1678,,,,,,,,
3570,0.25,0.07,16.9791,,,,,,,,
3367,0.23,0.068,18.1856,,,,,,,,
9489,0.8300000000000001,0.192,18.0775,,,,,,,,
9820,0.87,0.046,-0.765,,,,,,,,
251,-0.08,0.098,18.4439,,,,,,,,
9291,0.81,0.2,17.7992,,,,,,,,
10169,0.9,0.138,-8.3133,,,,,,,,
9831,0.87,0.068,1.968,,,,,,,,
9108,0.8,0.036000000000000004,11.4949,,,,,,,,
5068,0.4,0.036000000000000004,9.0877,,,,,,,,
9843,0.87,0.092,5.9775,,,,,,,,
10066,0.89,0.134,-4.418,,,,,,,,
9808,0.87,0.022,-2.7503,,,,,,,,
9999,0.89,0.0,-15.7965,,,,,,,,
9983,0.88,0.17,5.2139,,,,,,,,
10069,0.89,0.14,-4.0789,,,,,,,,
9834,0.87,0.074,3.0967,,,,,,,,
10103,0.9,0.006,-21.503,,,,,,,,
9968,0.88,0.14,4.0263,,,,,,,,
9803,0.87,0.012,-3.0867,,,,,,,,
10086,0.89,0.17400000000000002,-3.1768,,,,,,,,
9504,0.8400000000000001,0.02,3.8205,,,,,,,,
10015,0.89,0.032,-15.3624,,,,,,,,
9934,0.88,0.07200000000000001,-2.5249,,,,,,,,
9840,0.87,0.08600000000000001,5.2361,,,,,,,,
10051,0.89,0.10400000000000001,-8.1313,,,,,,,,
10140,0.9,0.08,-17.0323,,,,,,,,
10012,0.89,0.026000000000000002,-15.672,,,,,,,,
9606,0.8500000000000001,0.022,1.5313,,,,,,,,
9704,0.86,0.016,-1.8423,,,,,,,,
10157,0.9,0.114,-12.411,,,,,,,,
6306,0.52,0.088,17.4914,,,,,,,,
9987,0.88,0.178,5.4562,,,,,,,,
9909,0.88,0.022,-6.2266,,,,,,,,
10162,0.9,0.124,-9.0057,,,,,,,,
9779,0.86,0.166,13.4137,,,,,,,,
9931,0.88,0.066,-3.2942,,,,,,,,
9745,0.86,0.098,9.8915,,,,,,,,
9871,0.87,0.148,9.356,,,,,,,,
10076,0.89,0.154,-3.636,,,,,,,,
9753,0.86,0.114,11.7031,,,,,,,,
10121,0.9,0.042,-20.5076,,,,,,,,
9967,0.88,0.138,3.9602,,,,,,,,
10185,0.9,0.17,-7.5719,,,,,,,,
10068,0.89,0.138,-4.1494,,,,,,,,
9942,0.88,0.088,-0.1562,,,,,,,,
9970,0.88,0.14400000000000002,4.1403,,,,,,,,
3163,0.21,0.064,19.042,,,,,,,,
9758,0.86,0.124,12.4662,,,,,,,,
9994,0.88,0.192,5.9433,,,,,,,,
9914,0.88,0.032,-5.9236,,,,,,,,
10030,0.89,0.062,-14.2616,,,,,,,,
10152,0.9,0.10400000000000001,-13.9126,,,,,,,,
9498,0.8400000000000001,0.008,3.8179,,,,,,,,
3260,0.22,0.056,18.7525,,,,,,,,
10082,0.89,0.166,-3.5228,,,,,,,,
9911,0.88,0.026000000000000002,-6.0778,,,,,,,,
9951,0.88,0.106,1.8784,,,,,,,,
10147,0.9,0.094,-16.0667,,,,,,,,
10037,0.89,0.076,-12.5673,,,,,,,,
10195,0.9,0.19,-7.2049,,,,,,,,
9978,0.88,0.16,5.2317,,,,,,,,
10027,0.89,0.056,-14.2996,,,,,,,,
10047,0.89,0.096,-8.8825,,,,,,,,
10090,0.89,0.182,-3.0049,,,,,,,,
9992,0.88,0.188,5.4389,,,,,,,,
9916,0.88,0.036000000000000004,-5.8326,,,,,,,,
10199,0.9,0.198,-7.3044,,,,,,,,
9896,0.87,0.198,10.7488,,,,,,,,
10040,0.89,0.082,-11.831,,,,,,,,
10043,0.89,0.088,-11.1332,,,,,,,,
4948,0.38,0.2,22.5115,,,,,,,,
10026,0.89,0.054,-14.4618,,,,,,,,
9657,0.8500000000000001,0.124,15.9323,,,,,,,,
10109,0.9,0.018000000000000002,-21.3239,,,,,,,,
9775,0.86,0.158,13.3992,,,,,,,,
9292,0.8200000000000001,0.0,8.6381,,,,,,,,
9652,0.8500000000000001,0.114,15.2394,,,,,,,,
10062,0.89,0.126,-6.1031,,,,,,,,
9780,0.86,0.168,13.454,,,,,,,,
9998,0.88,0.2,6.1594,,,,,,,,
10091,0.89,0.184,-2.9602,,,,,,,,
10019,0.89,0.04,-15.2214,,,,,,,,
10099,0.89,0.2,-2.5895,,,,,,,,
10000,0.89,0.002,-15.8113,,,,,,,,
10100,0.9,0.0,-21.4792,,,,,,,,
10003,0.89,0.008,-16.3918,,,,,,,,
10009,0.89,0.02,-15.7071,,,,,,,,
10011,0.89,0.024,-15.6871,,,,,,,,
10048,0.89,0.098,-8.6927,,,,,,,,
10045,0.89,0.092,-9.7885,,,,,,,,
4211,0.31000000000000005,0.14,18.4245,,,,,,,,
9672,0.8500000000000001,0.154,15.8573,,,,,,,,
9886,0.87,0.178,10.3659,,,,,,,,
10067,0.89,0.136,-4.3141,,,,,,,,
5136,0.4,0.17200000000000001,22.3583,,,,,,,,
9676,0.8500000000000001,0.162,16.114,,,,,,,,
9836,0.87,0.078,4.0197,,,,,,,,
4108,0.30000000000000004,0.136,18.1849,,,,,,,,
9917,0.88,0.038,-6.6228,,,,,,,,
9919,0.88,0.042,-6.4154,,,,,,,,
9913,0.88,0.03,-5.9802,,,,,,,,
10108,0.9,0.016,-21.3337,,,,,,,,
10088,0.89,0.178,-3.0926,,,,,,,,
9904,0.88,0.012,-6.4331,,,,,,,,
9797,0.87,0.0,-1.4773,,,,,,,,
9926,0.88,0.056,-4.7382,,,,,,,,
9993,0.88,0.19,5.4767,,,,,,,,
10094,0.89,0.19,-2.9253,,,,,,,,
9991,0.88,0.186,5.4046,,,,,,,,
9976,0.88,0.156,5.2596,,,,,,,,
9982,0.88,0.168,5.2142,,,,,,,,
9995,0.88,0.194,5.9912,,,,,,,,
9996,0.88,0.196,6.043,,,,,,,,
9902,0.88,0.008,-6.4885,,,,,,,,
8686,0.76,0.0,16.2163,,,,,,,,
10001,0.89,0.004,-16.4844,,,,,,,,
10093,0.89,0.188,-2.9744,,,,,,,,
10267,0.567,0.133,19.2522,2.1424,17.11,0.519,1.907,-0.187,-0.097,0.939,1.125
10247,0.344,0.133,18.1381,2.822,15.316,1.392,1.858,-0.188,-0.24,0.975,1.064
10276,0.678,0.111,15.0431,-0.9228,15.966,-1.404,-0.029,0.141,0.37,0.909,1.171
10237,0.233,0.133,18.32,3.9241,14.396,2.832,2.762,-0.94,-0.73,0.985,1.048
10283,0.789,0.044,11.3536,-0.4207,11.774,0.152,-1.387,0.389,0.425,0.866,1.234
10219,0.011,0.178,19.9589,2.9621,16.997,2.315,0.644,-0.443,0.447,0.99,1.044
10272,0.678,0.022,18.4073,4.1821,14.225,3.301,2.521,-0.674,-0.966,0.91,1.166
10280,0.678,0.2,19.6346,-0.1209,19.755,-0.419,0.265,-0.011,0.043,0.907,1.181
10268,0.567,0.155,20.4495,2.4442,18.005,0.342,2.34,0.051,-0.289,0.938,1.128
10215,0.011,0.089,15.6773,3.3674,12.31,1.638,1.975,0.121,-0.367,0.994,1.03
10279,0.678,0.178,18.1837,-0.4592,18.643,-0.542,0.467,-0.418,0.033,0.907,1.178
10271,0.678,0.0,19.1135,4.9622,14.151,5.307,2.342,-2.107,-0.58,0.91,1.166
10275,0.678,0.089,14.6011,-0.7198,15.321,-0.812,-0.245,-0.044,0.38,0.91,1.169
10258,0.456,0.155,22.5605,5.2436,17.317,2.574,3.65,-0.039,-0.941,0.96,1.093
10252,0.456,0.022,10.3892,-3.3965,13.786,-2.491,-2.347,0.776,0.666,0.964,1.08
10226,0.122,0.111,16.9813,4.0115,12.97,2.696,2.133,-0.58,-0.238,0.991,1.035
10223,0.122,0.044,18.2844,7.2417,11.043,5.342,4.743,-1.656,-1.187,0.993,1.029
10287,0.789,0.133,14.7606,0.582,14.179,-2.119,2.538,0.609,-0.446,0.866,1.237
10259,0.456,0.178,23.5903,5.2143,18.376,2.673,3.949,-0.242,-1.165,0.959,1.096
10241,0.344,0.0,8.4075,-4.0692,12.477,-1.953,-2.954,0.006,0.831,0.979,1.055
10254,0.456,0.067,14.035,-0.3545,14.39,-0.233,-1.008,0.203,0.684,0.963,1.083
10278,0.678,0.155,17.0004,-0.6336,17.634,-1.156,0.919,-0.173,-0.223,0.908,1.175
8759,0.76,0.146,14.734,,,,,,,,
8519,0.74,0.07,14.2833,,,,,,,,
9285,0.81,0.188,17.2554,,,,,,,,
10034,0.89,0.07,-13.3142,,,,,,,,
10085,0.89,0.17200000000000001,-3.4387,,,,,,,,
9328,0.8200000000000001,0.07200000000000001,9.9371,,,,,,,,
9220,0.81,0.058,10.1288,,,,,,,,
9744,0.86,0.096,9.6241,,,,,,,,
4387,0.32999999999999996,0.088,13.651,,,,,,,,
1619,0.06,0.006,15.5801,,,,,,,,
3179,0.21,0.096,18.5803,,,,,,,,
10177,0.9,0.154,-7.9302,,,,,,,,
346,-0.07,0.08600000000000001,17.9081,,,,,,,,
242,-0.08,0.08,17.7843,,,,,,,,
2854,0.18000000000000002,0.052000000000000005,19.5529,,,,,,,,
5651,0.45000000000000007,0.192,23.9082,,,,,,,,
1751,0.07,0.068,15.9963,,,,,,,,
5349,0.42000000000000004,0.194,23.4445,,,,,,,,
726,-0.03,0.038,15.7412,,,,,,,,
9146,0.8,0.112,13.7398,,,,,,,,
8895,0.78,0.014,14.4266,,,,,,,,
5528,0.44000000000000006,0.148,21.9396,,,,,,,,
1358,0.03,0.09,15.5677,,,,,,,,
6264,0.52,0.004,13.3718,,,,,,,,
9506,0.8400000000000001,0.024,3.8667,,,,,,,,
9891,0.87,0.188,10.5227,,,,,,,,
1394,0.03,0.162,18.511,,,,,,,,
9922,0.88,0.048,-6.0238,,,,,,,,
9791,0.86,0.19,14.4652,,,,,,,,
9997,0.88,0.198,6.0991,,,,,,,,
10010,0.89,0.022,-15.6989,,,,,,,,
9971,0.88,0.146,4.1908,,,,,,,,
8787,0.77,0.0,15.1104,,,,,,,,
9501,0.8400000000000001,0.014,3.8047,,,,,,,,
10074,0.89,0.15,-3.8476,,,,,,,,
9943,0.88,0.09,0.0741,,,,,,,,
9785,0.86,0.178,14.4898,,,,,,,,
3754,0.27,0.034,14.4367,,,,,,,,
9923,0.88,0.05,-5.8706,,,,,,,,
9907,0.88,0.018000000000000002,-6.3587,,,,,,,,
9649,0.8500000000000001,0.108,14.1488,,,,,,,,
9960,0.88,0.124,3.4006,,,,,,,,
10096,0.89,0.194,-2.8223,,,,,,,,
9959,0.88,0.122,3.2617,,,,,,,,
10184,0.9,0.168,-7.6124,,,,,,,,
9928,0.88,0.06,-4.2586,,,,,,,,
10022,0.89,0.046,-14.9734,,,,,,,,
9954,0.88,0.112,2.4484,,,,,,,,
10149,0.9,0.098,-15.2935,,,,,,,,
10125,0.9,0.05,-20.0333,,,,,,,,
9980,0.88,0.164,5.2201,,,,,,,,
9962,0.88,0.128,3.5146,,,,,,,,
9920,0.88,0.044,-6.2959,,,,,,,,
9921,0.88,0.046,-6.1654,,,,,,,,
10084,0.89,0.17,-3.4702,,,,,,,,
10058,0.89,0.11800000000000001,-6.7409,,,,,,,,
9897,0.87,0.2,10.8044,,,,,,,,
10200,0.9,0.2,-7.2675,,,,,,,,
9759,0.86,0.126,12.5865,,,,,,,,
9853,0.87,0.112,7.9675,,,,,,,,
9883,0.87,0.17200000000000001,10.2848,,,,,,,,
9198,0.81,0.014,10.8957,,,,,,,,
10065,0.89,0.132,-5.6749,,,,,,,,
9868,0.87,0.14200000000000002,9.5929,,,,,,,,
10101,0.9,0.002,-21.4816,,,,,,,,
10002,0.89,0.006,-16.4407,,,,,,,,
10044,0.89,0.09,-10.9101,,,,,,,,
10018,0.89,0.038,-15.2253,,,,,,,,
10042,0.89,0.08600000000000001,-11.3618,,,,,,,,
9800,0.87,0.006,-1.6924,,,,,,,,
9947,0.88,0.098,1.0284,,,,,,,,
9776,0.86,0.16,13.4434,,,,,,,,
9900,0.88,0.004,-6.5202,,,,,,,,
10081,0.89,0.164,-3.5448,,,,,,,,
10016,0.89,0.034,-15.3245,,,,,,,,
9927,0.88,0.058,-4.5013,,,,,,,,
9977,0.88,0.158,5.253,,,,,,,,
4908,0.38,0.12,17.6974,,,,,,,,
9986,0.88,0.176,5.2233,,,,,,,,
9901,0.88,0.006,-6.5071,,,,,,,,
10295,0.9,0.089,-16.6158,0.2385,-16.854,0.924,-1.356,-0.268,0.937,0.809,1.276
10246,0.344,0.111,15.9086,1.447,14.462,0.402,1.034,0.115,-0.104,0.976,1.061
10209,-0.1,0.178,23.145,4.4412,18.704,3.112,2.835,-0.592,-0.913,0.989,1.048
10292,0.9,0.022,-21.2253,-2.4793,-18.746,-3.555,-0.042,0.792,0.326,0.808,1.276
10235,0.233,0.089,18.0644,5.3439,12.72,3.507,3.601,-0.887,-0.878,0.987,1.042
10244,0.344,0.067,11.492,-1.7086,13.201,-1.354,-1.04,0.38,0.305,0.978,1.057
10211,0.011,0.0,14.5727,3.8783,10.694,1.843,2.312,0.107,-0.383,0.995,1.025
10213,0.011,0.044,14.8058,3.7051,11.101,1.733,2.183,0.141,-0.351,0.995,1.026
10289,0.789,0.178,17.4776,1.3361,16.141,-0.875,2.142,0.347,-0.277,0.866,1.24
10281,0.789,0.0,14.3494,2.888,11.461,5.792,-0.727,-2.439,0.261,0.866,1.233
10205,-0.1,0.089,17.9421,4.4799,13.462,2.42,3.434,-0.178,-1.196,0.993,1.033
10264,0.567,0.067,16.1103,0.9152,15.195,1.337,0.556,-0.665,-0.313,0.941,1.119
10257,0.456,0.133,21.0811,4.6989,16.382,2.396,3.301,-0.049,-0.948,0.961,1.089
10041,0.89,0.084,-11.5951,,,,,,,,
9858,0.87,0.122,8.8526,,,,,,,,
7577,0.65,0.004,18.7225,,,,,,,,
9844,0.87,0.094,6.2134,,,,,,,,
5898,0.48,0.08,16.2624,,,,,,,,
9217,0.81,0.052000000000000005,10.062,,,,,,,,
9524,0.8400000000000001,0.06,7.1004,,,,,,,,
9984,0.88,0.17200000000000001,5.2155,,,,,,,,
4782,0.37,0.07,11.7678,,,,,,,,
2931,0.18999999999999997,0.004,20.1466,,,,,,,,
8770,0.76,0.168,16.029,,,,,,,,
3333,0.23,0.0,18.2426,,,,,,,,
3855,0.28,0.034,13.4381,,,,,,,,
2048,0.1,0.056,17.2225,,,,,,,,
9798,0.87,0.002,-2.1878,,,,,,,,
9205,0.81,0.028,10.6007,,,,,,,,
9903,0.88,0.01,-6.4641,,,,,,,,
10005,0.89,0.012,-15.718,,,,,,,,
10102,0.9,0.004,-21.4899,,,,,,,,
9794,0.86,0.196,14.209,,,,,,,,
5134,0.4,0.168,22.1863,,,,,,,,
9915,0.88,0.034,-5.8821,,,,,,,,
10098,0.89,0.198,-2.6515,,,,,,,,
10204,-0.1,0.067,17.0953,4.4169,12.678,2.4,3.114,-0.174,-0.923,0.994,1.031
10239,0.233,0.178,18.8724,2.1948,16.678,1.708,1.548,-0.788,-0.274,0.983,1.055
9811,0.87,0.028,-2.3997,,,,,,,,
2729,0.17,0.004,20.1061,,,,,,,,
9655,0.8500000000000001,0.12,15.6946,,,,,,,,
8022,0.6900000000000001,0.08600000000000001,14.6537,,,,,,,,
5524,0.44000000000000006,0.14,21.3903,,,,,,,,
10154,0.9,0.108,-13.0437,,,,,,,,
10143,0.9,0.08600000000000001,-16.4112,,,,,,,,
10089,0.89,0.18,-3.0491,,,,,,,,
9989,0.88,0.182,5.5128,,,,,,,,
9905,0.88,0.014,-6.3972,,,,,,,,
9799,0.87,0.004,-2.1973,,,,,,,,
10095,0.89,0.192,-2.7675,,,,,,,,
8788,0.77,0.002,15.1038,,,,,,,,
10206,-0.1,0.111,18.9961,4.5322,14.464,2.573,3.532,-0.285,-1.287,0.992,1.036
10299,0.9,0.178,-7.3794,3.9378,-11.317,1.197,3.964,-0.596,-0.627,0.814,1.278
9513,0.8400000000000001,0.038,5.0279,,,,,,,,
9095,0.8,0.01,12.5703,,,,,,,,
9511,0.8400000000000001,0.034,4.9608,,,,,,,,
10187,0.9,0.17400000000000002,-7.4929,,,,,,,,
9306,0.8200000000000001,0.028,7.6107,,,,,,,,
6205,0.51,0.088,17.5005,,,,,,,,
9945,0.88,0.094,0.5794,,,,,,,,
9888,0.87,0.182,10.4218,,,,,,,,
9778,0.86,0.164,13.5264,,,,,,,,
10300,0.9,0.2,-7.2293,2.2993,-9.529,0.204,3.189,-0.432,-0.662,0.816,1.278
4576,0.35,0.062,11.0343,,,,,,,,
9961,0.88,0.126,3.397,,,,,,,,
